idU1,idU2
736,153
70,329
371,442
202,633
742,89
857,564
17,853
829,502
713,448
322,563
129,397
831,669
560,849
333,163
916,218
205,917
31,993
193,826
686,924
237,869
502,349
418,392
651,859
805,508
746,867
138,459
371,926
169,711
463,929
997,570
421,639
295,5
971,288
398,655
166,534
954,55
45,244
129,881
808,940
85,316
962,589
846,414
6,437
482,366
582,75
220,891
825,476
498,81
951,63
785,525
812,658
630,358
542,245
673,728
385,32
601,596
214,564
327,441
613,17
853,672
537,143
160,156
323,857
532,967
399,852
816,911
520,849
57,41
705,787
737,968
281,688
660,721
865,372
801,845
204,626
283,919
749,160
186,986
984,737
693,790
233,280
973,844
967,504
530,503
397,913
686,750
395,49
672,34
847,560
35,416
673,407
673,178
287,637
717,450
826,622
247,457
324,640
434,283
480,924
626,224
524,176
259,696
823,738
345,699
251,283
597,691
550,350
200,237
204,881
30,664
189,199
851,813
499,361
980,176
546,69
384,7
148,962
394,200
113,712
770,716
90,728
139,849
119,611
733,16
463,192
163,654
297,654
624,783
547,536
207,616
279,492
72,391
581,534
232,380
999,781
770,958
658,259
201,20
362,611
255,485
33,557
864,485
225,498
247,257
673,99
67,555
628,622
669,394
367,29
186,920
332,974
595,566
474,276
900,384
896,679
435,55
716,977
659,214
639,730
186,933
374,166
217,219
427,995
190,759
900,626
322,686
160,358
550,284
985,212
754,693
462,521
407,356
548,709
240,593
480,282
248,713
540,67
531,513
355,287
282,711
328,827
722,754
749,591
224,477
494,72
564,811
746,293
957,476
814,693
7,893
15,488
326,875
969,752
379,886
919,342
508,542
62,721
19,85
170,483
660,118
997,935
969,55
580,768
960,6
643,299
266,83
6,910
679,252
417,252
147,391
381,558
121,604
556,532
758,895
491,551
524,499
558,312
651,540
807,787
30,866
322,486
374,676
267,550
432,92
321,261
353,967
535,486
251,727
153,155
448,975
374,797
63,612
660,373
30,169
334,846
654,33
172,289
689,27
726,323
304,859
804,916
228,985
969,202
487,687
684,972
131,5
304,162
97,357
331,295
143,473
726,565
143,244
349,578
995,460
893,678
843,857
450,108
630,978
191,113
979,866
59,344
317,639
531,568
882,825
406,307
43,255
593,399
787,120
503,132
291,478
838,58
812,823
567,9
835,992
222,728
860,756
920,541
325,597
564,879
242,828
286,605
621,366
785,474
110,793
163,427
452,264
961,407
118,913
66,723
816,955
277,677
307,785
269,35
716,724
260,444
661,788
208,25
121,551
809,659
970,496
963,308
324,92
707,796
369,737
443,723
317,318
248,218
622,136
646,493
563,495
766,329
731,308
610,18
9,323
607,915
261,49
134,439
273,517
811,866
368,791
399,104
258,919
793,31
170,806
814,319
67,799
717,386
311,930
925,564
812,394
660,791
164,587
190,761
154,286
715,582
645,523
318,165
20,471
157,705
928,582
186,359
984,110
409,633
708,700
237,297
804,529
848,343
966,298
809,580
98,259
748,341
930,991
942,62
405,123
712,539
328,842
393,944
804,663
477,268
389,421
99,847
245,147
621,663
473,270
755,599
256,915
567,319
787,551
97,104
694,94
649,617
196,83
82,735
156,684
268,925
791,966
577,448
293,689
144,566
947,661
484,671
532,153
936,14
887,795
916,35
31,810
397,86
693,902
316,161
911,78
780,561
35,407
635,143
329,625
365,53
750,389
512,975
415,813
477,873
58,926
777,384
95,929
442,744
175,400
989,913
92,631
548,416
133,174
379,580
267,110
888,457
411,532
823,742
625,757
537,644
941,468
316,645
660,162
231,722
931,167
867,640
891,997
228,424
723,632
355,236
398,835
855,522
48,722
876,581
160,899
746,242
233,889
597,119
585,819
98,435
629,825
524,543
276,478
188,365
191,370
113,945
302,844
815,197
429,427
410,148
117,835
115,496
340,843
687,133
480,594
43,741
598,734
444,267
811,734
410,390
403,387
342,148
414,253
735,79
332,857
321,439
803,213
123,454
408,852
210,867
37,387
787,619
374,975
74,454
613,210
158,798
543,380
823,434
749,219
998,960
468,731
951,848
811,50
940,726
76,355
640,168
466,806
796,452
649,927
179,749
583,573
473,701
252,702
290,994
552,176
570,984
303,640
843,96
440,874
944,673
999,343
940,968
57,355
61,999
501,517
620,468
699,761
119,186
797,286
29,643
620,589
158,6
94,250
71,761
61,73
121,124
412,825
520,358
337,651
767,235
133,592
441,708
274,302
463,238
366,305
402,487
718,235
122,847
29,656
464,584
64,613
380,590
917,300
108,656
283,428
888,767
775,72
105,772
193,619
843,472
807,549
662,545
417,485
730,716
628,668
727,647
448,966
553,265
313,549
822,655
77,686
89,511
708,260
118,165
149,683
960,373
913,261
913,32
968,722
536,45
305,378
703,158
840,429
52,871
311,48
943,32
778,867
60,587
808,975
388,160
420,341
747,507
461,638
708,744
234,861
256,354
853,344
292,48
943,274
318,451
800,454
68,10
427,357
504,577
398,824
474,819
83,705
451,872
363,988
975,54
176,115
594,362
501,814
523,832
179,241
627,108
868,234
598,373
348,427
7,134
518,875
8,773
116,77
551,5
396,131
762,188
651,357
496,483
154,719
663,825
363,75
505,653
211,206
191,722
634,16
675,17
484,486
993,592
160,96
876,946
34,142
798,245
729,145
21,324
650,266
764,489
125,502
350,620
568,25
547,905
371,679
841,39
369,983
459,95
72,652
454,919
588,919
663,275
210,414
848,442
220,644
321,696
197,889
434,573
962,463
184,169
298,419
757,704
523,537
228,589
701,809
52,363
993,163
649,353
370,938
126,83
84,581
907,648
525,583
660,219
925,931
505,345
367,640
349,1000
839,635
584,116
797,638
267,180
400,938
652,930
765,541
527,898
33,134
244,546
323,610
274,425
475,186
361,84
456,321
9,19
489,656
54,435
742,18
307,615
936,823
483,23
989,420
705,890
242,900
946,198
16,35
618,369
774,845
689,249
336,619
451,606
974,152
651,667
692,668
544,275
843,837
741,560
415,804
407,391
539,318
948,486
475,562
260,637
634,555
424,745
900,445
325,214
368,850
443,206
926,848
282,517
576,735
827,88
837,510
469,114
642,42
440,810
820,48
808,748
347,804
376,44
944,730
387,58
317,753
379,584
617,641
885,163
298,595
89,192
369,246
849,883
594,593
530,874
189,315
818,523
18,433
297,528
192,1000
135,200
709,701
227,957
769,459
807,714
172,203
430,764
13,890
709,822
621,709
152,675
604,247
447,300
316,783
438,480
957,550
781,590
982,580
896,540
298,850
591,843
787,489
952,822
451,311
346,783
327,504
569,266
844,242
191,845
34,373
461,440
447,542
273,389
826,309
657,500
228,94
641,263
436,797
131,161
203,37
929,851
844,484
389,843
655,962
727,838
168,874
867,323
165,576
674,682
990,659
714,495
887,157
432,516
524,226
474,634
688,334
661,352
472,867
766,819
56,888
75,349
350,59
924,294
699,886
146,939
349,773
825,702
467,765
860,925
700,707
500,245
541,17
613,122
532,951
578,838
578,20
992,828
720,140
912,310
306,271
283,782
38,951
403,554
482,847
62,32
967,138
204,610
682,908
24,679
767,952
130,782
947,775
24,800
435,334
624,41
30,56
595,737
240,280
895,211
380,31
248,400
473,747
54,800
608,154
272,205
613,269
986,780
204,744
689,264
804,214
802,141
836,920
817,678
970,920
839,208
860,267
309,393
973,144
350,919
625,858
721,337
793,442
990,727
150,750
797,332
869,437
351,511
301,919
693,211
4,403
205,164
238,984
602,214
571,635
560,217
849,993
197,838
470,179
161,592
996,639
113,817
190,17
131,605
97,728
744,310
865,48
144,251
264,316
489,700
742,880
797,587
360,549
351,995
103,893
137,248
238,300
899,305
826,995
939,118
961,631
388,769
594,837
313,595
550,13
105,831
589,651
148,383
192,426
445,606
206,95
352,149
541,85
613,190
260,560
177,791
457,616
498,388
560,714
21,436
577,388
857,671
213,377
777,419
824,265
94,914
732,676
198,742
725,673
945,905
477,571
323,104
636,335
898,951
419,687
918,142
853,161
155,799
67,915
945,918
934,500
53,751
287,689
153,460
901,94
105,160
632,579
461,926
750,800
111,584
408,53
430,566
567,46
150,926
753,172
42,871
656,276
205,340
740,647
569,765
407,703
599,644
133,356
298,423
366,298
841,298
789,108
510,693
766,124
504,878
810,167
811,540
668,757
537,8
777,929
749,830
81,142
380,704
771,360
347,298
770,889
154,657
468,295
456,204
404,539
1,563
431,147
389,416
535,470
848,701
172,152
94,727
840,288
132,201
137,316
202,445
996,949
643,538
373,448
862,841
110,977
488,142
957,849
165,620
146,378
57,40
535,833
182,974
980,954
452,569
937,318
867,30
710,312
316,156
932,159
596,964
558,672
635,138
171,448
694,452
244,926
402,51
663,92
896,973
261,462
49,808
507,639
499,226
757,521
454,749
85,357
866,922
847,680
300,282
131,244
205,395
652,855
573,296
779,401
545,234
498,122
451,47
869,331
590,650
285,14
925,640
964,568
248,886
393,981
589,627
439,868
809,401
178,9
725,407
477,76
64,432
13,881
267,239
487,471
602,458
294,76
478,422
106,779
780,235
105,820
50,884
898,456
628,366
77,492
131,728
84,653
20,897
887,482
976,2
303,956
860,56
361,372
447,412
526,476
168,731
657,141
261,141
818,998
541,195
54,602
780,477
35,94
116,433
611,375
371,430
474,262
97,275
230,841
255,605
367,28
272,959
256,160
264,694
37,274
701,668
508,273
310,517
501,270
702,260
573,109
196,159
932,456
893,730
636,808
381,289
745,980
251,216
473,817
313,276
814,329
135,943
871,45
108,517
572,392
577,995
101,248
644,941
895,523
476,805
858,870
384,987
690,10
571,813
124,538
432,654
650,59
111,10
135,367
603,472
264,252
773,166
506,539
745,67
294,131
767,580
390,364
67,125
623,77
485,638
539,874
671,10
585,172
141,195
956,344
75,366
840,169
993,411
291,893
963,239
450,657
890,929
721,73
704,429
795,776
913,14
944,118
541,142
897,6
688,835
865,468
287,262
457,673
666,29
845,260
825,22
159,198
828,27
155,493
654,140
912,435
604,319
342,319
70,614
801,833
209,958
437,327
781,891
247,432
814,250
516,556
893,314
842,726
47,751
592,322
132,337
828,269
902,255
157,515
985,374
252,752
911,196
388,155
67,972
475,797
937,333
6,238
293,231
978,105
826,731
69,523
91,282
811,342
761,521
326,795
565,582
397,446
27,418
52,182
705,454
94,300
938,396
98,419
230,346
717,693
739,223
460,808
750,52
462,817
439,870
993,224
46,121
784,989
751,583
319,889
753,363
613,60
782,17
850,417
299,543
257,317
730,766
839,938
405,417
489,825
60,153
206,207
898,471
227,266
177,674
942,248
971,949
451,425
831,646
931,998
761,92
296,258
502,326
964,128
281,623
994,7
853,31
302,157
526,841
997,426
938,785
666,326
51,696
794,777
585,374
544,336
34,500
125,618
488,441
584,903
121,913
129,508
137,857
291,277
623,750
43,175
915,370
359,906
248,809
850,914
36,172
426,852
352,637
519,814
685,29
510,442
78,519
231,761
666,689
393,796
907,522
640,407
331,591
554,111
250,868
925,697
837,584
367,635
159,871
960,102
958,995
722,984
394,364
842,2
126,549
322,232
107,307
657,185
400,825
647,702
839,872
130,412
723,697
281,315
88,186
234,240
684,705
370,249
475,302
908,827
414,63
359,127
415,665
420,780
211,377
715,139
785,649
647,944
339,791
380,600
884,362
667,593
980,824
923,290
209,718
178,321
703,960
71,195
618,364
833,252
370,262
351,20
177,850
918,67
270,31
899,727
668,77
439,254
582,791
814,131
645,322
562,553
140,860
940,886
595,851
234,845
22,171
971,320
155,966
120,221
919,840
748,958
737,274
709,212
781,317
276,330
758,333
336,869
513,502
913,621
11,520
723,497
141,815
367,569
465,875
201,802
416,461
495,754
613,746
459,279
460,918
665,118
647,515
994,330
500,172
636,999
794,161
141,239
246,292
55,724
930,924
259,2
440,13
550,824
452,252
853,596
825,763
352,21
843,524
301,241
320,483
791,68
308,365
445,599
321,75
802,873
559,886
227,147
116,316
484,483
744,787
807,843
312,83
699,492
504,253
786,905
954,718
246,897
540,849
468,717
572,20
985,189
742,202
520,89
573,918
347,841
820,795
111,335
568,22
726,608
872,662
676,787
743,777
952,133
252,459
921,554
917,849
483,328
150,798
921,675
733,624
356,637
516,626
870,858
636,691
180,448
195,985
262,746
33,923
311,342
674,919
677,207
487,46
15,465
142,277
104,695
668,508
404,398
194,588
950,571
248,824
177,126
465,4
995,758
165,8
935,155
909,920
675,753
129,994
650,171
110,486
146,934
633,527
435,771
962,702
368,229
321,117
341,476
266,73
412,127
730,702
196,997
480,527
516,184
645,69
138,9
387,713
524,718
714,61
557,77
772,2
374,895
914,122
561,492
715,141
50,956
653,431
987,950
412,261
461,382
502,383
452,562
400,143
28,500
286,795
647,20
99,151
252,393
952,67
926,603
273,681
908,963
956,711
484,901
307,36
128,973
150,732
780,670
414,549
942,668
181,984
456,694
531,316
682,448
164,522
547,31
730,381
671,740
812,450
292,155
710,439
947,86
976,558
678,864
34,570
986,199
205,159
633,569
44,699
352,586
167,281
184,221
872,743
360,302
468,101
750,982
712,461
189,420
505,397
191,466
27,772
806,510
584,168
305,753
709,577
525,756
772,862
791,875
229,879
482,305
996,526
994,682
488,56
892,405
794,513
937,821
983,937
852,225
638,939
576,61
853,827
186,778
133,659
532,893
604,244
824,247
9,300
5,329
120,23
611,260
216,670
353,904
350,606
312,85
36,150
627,362
912,723
31,974
666,438
590,564
460,720
832,97
553,682
372,607
649,97
534,561
523,402
443,379
478,107
507,808
128,223
475,38
105,276
196,623
812,626
508,400
711,988
245,929
362,282
913,570
164,940
668,739
981,970
888,513
738,919
438,398
42,169
621,290
970,407
73,421
752,221
508,763
368,460
640,653
926,229
618,113
639,401
812,63
841,535
665,538
725,589
618,463
48,81
848,696
47,381
681,704
662,425
495,248
343,645
319,22
207,784
222,89
851,68
454,368
426,535
1000,541
862,836
177,733
672,712
37,201
872,477
390,733
25,83
563,661
246,954
686,731
890,238
353,33
573,36
998,185
23,508
964,308
220,564
607,973
677,251
937,326
680,670
193,57
275,621
354,914
863,791
457,103
338,906
882,804
635,375
571,619
705,326
104,631
644,50
585,904
356,815
445,106
800,727
471,280
135,65
282,758
730,396
592,920
424,60
47,73
107,124
698,794
340,820
216,296
340,591
322,170
963,166
799,472
1000,233
298,715
898,451
848,859
287,297
471,643
233,1000
943,867
984,410
394,544
664,176
705,702
372,4
537,71
119,726
521,477
908,886
870,136
751,939
446,303
993,701
129,367
454,423
579,832
417,541
664,647
161,26
658,603
840,351
112,844
154,23
107,850
776,716
60,509
291,378
86,912
860,306
590,445
39,342
636,332
548,448
837,322
606,655
344,389
663,142
323,222
336,686
363,560
146,791
963,784
589,314
939,612
956,781
689,437
225,976
674,802
178,864
393,560
511,515
645,744
20,692
152,582
152,353
102,761
224,458
989,261
994,376
435,641
971,392
544,813
884,918
320,58
125,48
663,626
458,931
7,995
208,985
607,465
276,402
133,582
308,290
752,452
334,464
917,290
117,880
277,832
29,767
800,644
411,832
720,126
301,408
485,983
701,234
343,526
675,999
193,730
626,60
251,708
140,840
914,463
647,119
14,206
421,72
810,527
416,896
97,96
928,253
740,202
46,545
215,88
18,971
448,30
539,414
340,204
565,551
694,207
421,314
710,188
569,212
104,378
379,317
731,476
292,843
630,20
998,187
843,838
722,548
942,780
87,37
584,843
256,223
545,97
677,253
186,164
282,397
606,723
898,77
275,623
985,490
747,847
656,436
730,385
863,914
186,406
313,218
851,796
21,46
504,688
153,875
509,924
503,584
967,984
662,348
712,694
385,299
1000,343
994,794
787,235
718,401
960,163
819,978
288,524
169,78
834,697
13,999
840,219
988,117
216,769
769,689
499,828
868,587
296,132
35,441
466,664
70,435
890,174
355,833
479,374
955,74
770,257
70,785
846,252
386,267
105,25
225,844
526,18
123,567
71,148
370,673
810,716
861,910
657,622
335,571
855,85
796,673
773,955
854,614
224,447
389,26
597,729
724,275
820,212
803,568
503,47
764,842
824,856
404,270
652,786
246,98
862,101
600,101
547,440
616,45
492,275
263,452
991,336
490,579
586,287
965,91
268,651
546,107
628,405
796,928
410,303
52,595
234,343
38,468
202,310
810,395
922,636
420,883
759,349
570,184
189,721
912,298
287,246
345,187
738,118
201,179
290,665
260,493
81,262
77,786
890,108
537,249
968,701
87,952
329,714
654,16
312,252
162,493
908,17
147,858
852,647
103,34
717,193
667,601
424,614
156,799
522,368
372,545
133,34
143,456
196,319
805,548
153,622
552,102
166,561
642,32
466,35
109,966
233,507
10,169
956,838
628,218
198,112
313,99
579,218
548,639
375,159
540,226
237,454
555,800
714,793
79,282
373,234
877,33
607,172
211,172
500,46
423,580
281,352
354,113
573,416
256,709
225,349
68,365
804,699
97,837
193,545
282,65
774,527
256,601
336,301
286,480
24,480
841,702
141,247
144,252
854,119
970,708
132,134
54,480
219,22
255,470
207,722
178,371
912,595
356,377
590,315
400,191
83,484
749,79
658,836
710,245
943,187
750,546
755,890
125,723
436,90
760,187
217,204
432,506
397,148
51,935
594,167
673,460
172,932
703,568
362,46
994,488
849,807
649,453
35,819
748,203
161,406
648,753
92,572
217,688
731,909
706,98
54,172
199,1
121,576
178,881
448,476
219,653
734,281
699,179
864,512
313,638
748,337
82,476
596,697
59,758
191,648
11,946
680,58
812,177
221,941
818,931
362,651
568,756
783,644
224,946
516,71
942,408
317,127
872,349
758,772
766,367
493,703
667,361
314,960
523,316
478,839
725,716
873,816
688,16
583,488
737,137
926,827
581,829
870,666
188,80
652,709
243,275
846,201
801,953
612,34
634,547
533,909
715,620
178,681
255,901
488,614
474,450
147,55
945,35
686,40
266,686
756,779
215,576
757,630
398,926
33,47
101,410
268,587
240,525
97,705
292,163
192,979
739,330
782,929
128,176
928,983
1000,105
587,461
666,754
810,210
47,187
748,271
216,410
848,852
96,988
344,824
677,741
484,346
570,349
456,247
767,405
813,750
789,164
188,698
876,577
769,451
631,221
879,57
738,872
219,950
184,700
203,713
202,717
852,341
497,113
125,241
909,57
649,884
901,876
858,11
527,140
521,591
283,719
565,139
69,201
387,776
459,652
142,945
835,643
491,604
926,532
389,593
67,542
909,70
55,158
868,941
725,892
403,841
30,101
915,235
865,643
989,938
86,676
768,710
713,774
14,507
468,714
210,153
300,83
943,189
67,784
184,137
332,35
939,713
75,904
674,903
402,215
522,546
209,86
238,787
857,795
483,554
441,328
951,844
197,870
417,910
392,328
240,459
152,575
569,634
357,980
781,490
454,95
634,965
288,328
837,570
246,102
573,231
2,873
951,39
271,280
144,993
565,986
908,342
775,981
849,930
379,981
115,642
808,111
504,868
25,870
168,424
641,873
80,311
76,835
659,927
324,119
812,876
347,288
419,127
962,820
103,830
827,632
777,222
989,401
209,933
880,872
253,481
349,189
841,651
13,11
266,191
744,718
976,58
903,711
20,135
180,124
410,549
415,893
605,7
219,200
711,662
160,266
453,259
510,241
469,203
928,259
858,429
546,608
539,420
563,777
764,767
48,331
526,895
128,31
381,211
419,503
710,423
355,195
109,728
236,503
306,976
669,799
671,845
342,791
158,970
422,262
367,326
303,799
589,375
747,961
808,153
744,397
100,103
611,807
980,381
674,863
16,863
351,853
406,523
782,810
549,50
407,869
415,464
392,746
607,405
428,928
266,112
926,387
592,807
141,117
295,291
233,56
496,695
158,407
536,996
829,467
488,174
187,1000
278,364
699,357
330,2
95,364
398,136
637,418
36,952
108,828
374,947
552,724
11,77
785,932
711,717
516,478
318,5
185,378
140,901
468,703
514,590
137,603
426,477
596,888
894,996
165,557
717,481
47,915
267,955
779,312
868,835
849,556
341,86
993,12
783,956
815,679
671,900
397,368
402,217
99,445
244,274
767,86
488,671
721,613
661,333
197,872
668,494
700,675
301,966
378,920
345,743
474,628
418,733
58,161
77,174
167,333
896,213
552,403
730,675
127,641
278,56
319,811
831,205
712,513
155,336
518,913
917,393
480,392
834,624
457,637
338,982
164,829
891,111
646,280
164,11
344,881
184,636
905,167
891,232
220,64
626,752
147,488
711,530
972,571
955,927
480,634
750,229
99,942
37,64
317,347
143,194
726,57
703,827
288,585
675,994
329,357
678,245
972,463
22,843
438,758
925,122
811,774
129,188
118,258
714,289
917,648
536,956
565,196
951,646
1,797
871,653
446,366
778,839
468,879
430,129
641,312
971,187
147,972
57,261
755,828
777,587
978,82
551,540
614,71
500,723
319,382
723,243
52,38
654,143
246,843
507,618
619,270
961,7
530,723
992,259
899,31
97,575
857,34
118,634
792,319
835,955
39,755
726,904
731,726
939,904
8,745
526,213
975,39
723,727
608,511
778,168
648,812
21,162
964,560
119,468
344,815
366,345
156,242
627,93
573,530
829,456
933,284
365,995
635,856
712,810
340,938
868,340
885,738
620,992
463,520
34,114
316,995
956,389
782,7
671,405
506,597
389,463
201,348
318,933
256,18
156,605
159,122
486,251
687,241
727,579
689,287
730,59
551,582
298,136
693,931
757,192
657,254
108,12
113,356
272,120
463,654
526,939
366,721
851,241
543,125
451,765
341,893
561,896
980,62
288,774
264,565
960,763
275,660
738,421
817,485
183,842
558,719
411,440
502,329
278,850
405,891
848,185
626,486
97,401
765,271
999,209
866,848
943,543
646,27
343,26
852,132
724,391
574,861
398,864
993,256
870,41
768,30
263,568
692,156
826,910
886,695
200,633
859,40
365,700
160,2
648,759
279,633
358,926
70,230
811,642
645,875
486,293
384,282
517,811
621,639
294,244
987,467
227,190
198,657
96,121
230,875
753,650
808,357
422,816
296,411
642,819
228,950
737,827
878,537
261,80
99,18
293,786
977,930
937,70
279,70
919,696
528,545
943,235
544,260
170,19
698,175
689,355
826,360
757,489
51,741
159,311
786,143
139,332
465,502
300,371
695,146
818,482
592,435
330,435
581,17
833,726
367,438
790,275
638,672
889,25
718,372
608,500
272,551
649,272
819,720
854,677
172,54
311,398
813,272
491,221
619,406
352,816
410,232
475,334
226,44
566,637
337,814
175,752
785,681
329,401
978,581
913,866
47,193
888,809
454,288
82,645
7,242
213,347
311,653
89,540
823,47
523,243
515,833
100,591
663,933
565,132
253,769
506,720
756,343
770,12
618,409
353,892
834,936
220,484
256,141
301,823
714,238
172,672
617,305
89,674
804,131
270,197
986,818
475,831
492,17
887,21
496,136
61,733
27,331
108,27
646,834
282,557
736,498
37,497
407,673
742,663
80,49
184,372
695,322
616,29
854,611
300,439
629,614
293,170
302,633
252,812
489,496
33,216
98,345
767,211
629,506
188,504
334,329
755,322
265,229
908,564
297,447
558,976
444,874
192,101
343,270
196,745
531,735
259,47
680,40
365,931
248,117
709,512
729,161
439,99
697,623
358,928
521,168
247,279
141,297
751,980
37,176
300,815
368,461
836,300
684,926
393,225
830,226
145,123
613,228
771,814
526,754
139,79
925,234
228,831
50,7
729,295
276,993
696,118
407,244
714,172
736,419
966,652
705,59
684,939
857,830
702,993
306,727
722,413
820,948
718,937
588,827
49,778
467,308
777,470
146,603
588,948
402,263
209,134
462,314
626,422
569,561
672,16
663,196
993,71
304,263
958,787
808,25
647,602
812,669
674,735
252,746
90,684
327,102
313,204
411,510
288,376
625,964
826,725
430,725
113,789
774,40
165,161
354,97
292,158
214,467
525,854
602,320
703,631
152,757
501,682
740,927
283,688
350,220
198,580
275,46
189,760
290,583
240,991
701,154
678,170
504,808
154,924
223,529
333,926
201,218
896,514
560,565
385,298
255,225
22,889
171,231
74,298
406,771
982,675
899,411
725,524
193,892
637,411
934,109
158,413
741,468
562,237
553,417
850,640
504,3
309,996
85,19
21,529
64,899
661,889
315,481
557,14
443,932
997,286
578,302
159,355
720,651
173,24
288,765
492,6
686,774
93,674
468,588
504,245
531,119
970,718
591,133
112,135
7,607
829,944
455,245
14,502
775,600
319,320
608,194
477,906
297,423
951,947
853,146
13,435
835,772
24,35
685,949
229,669
886,444
149,151
875,26
44,623
384,728
654,323
141,970
354,31
301,141
321,793
159,731
104,795
214,401
924,39
390,334
142,269
977,545
875,268
947,144
123,929
832,571
183,162
716,396
526,501
567,273
197,999
57,696
673,699
953,982
103,583
137,167
882,284
6,650
619,584
245,114
864,388
156,301
799,636
441,699
755,566
488,222
481,1000
811,646
728,877
411,941
133,933
351,109
466,584
983,56
850,695
753,762
90,189
293,777
733,295
939,400
717,58
309,4
923,163
960,459
51,611
674,361
118,143
45,833
442,240
218,724
822,875
335,262
436,839
833,246
640,80
356,321
831,587
968,821
618,708
34,657
914,706
422,15
358,488
318,308
392,257
143,684
702,190
220,904
779,373
816,669
355,82
425,784
676,137
764,775
254,673
56,917
169,40
578,733
816,790
478,273
280,968
658,325
861,159
888,787
459,152
629,792
832,626
271,101
12,106
449,861
865,961
738,856
650,218
727,438
206,995
796,43
612,865
899,400
835,156
527,3
150,53
993,449
666,54
271,693
813,747
579,580
945,637
1000,344
806,973
823,159
319,885
919,392
566,762
910,572
818,983
269,246
310,247
764,454
354,475
82,770
863,352
651,927
632,419
389,698
328,422
529,183
837,70
914,519
105,121
445,714
71,244
976,350
916,70
843,989
525,185
741,712
952,932
317,421
220,488
407,314
646,596
604,599
208,599
824,602
29,139
698,234
703,312
4,311
207,145
675,250
8,430
438,14
577,846
464,417
810,825
161,150
171,838
606,537
105,255
232,30
426,835
285,859
816,495
659,777
79,202
136,736
371,81
651,135
243,569
494,151
900,610
285,980
453,564
1000,962
877,74
832,560
340,623
694,855
859,959
936,654
344,742
210,513
671,908
412,95
648,631
885,315
654,567
285,175
21,102
298,639
788,503
810,262
52,354
996,802
853,753
305,921
487,632
492,747
205,690
114,306
605,809
765,761
682,992
575,866
602,511
247,283
624,4
49,527
720,466
18,719
975,692
770,997
498,538
993,746
811,769
845,353
270,122
288,701
785,753
632,245
395,9
732,826
156,895
99,132
541,477
250,530
100,771
962,241
788,879
268,89
218,497
601,235
620,248
191,71
583,366
533,774
784,356
184,68
48,207
774,836
204,720
295,20
71,312
508,313
190,906
633,429
289,619
380,20
784,598
622,307
497,541
824,670
507,963
565,675
28,736
569,794
718,365
575,316
122,519
675,668
563,198
93,986
44,801
649,386
781,542
561,273
877,250
331,979
843,144
378,273
359,31
167,275
117,683
294,50
629,565
279,452
471,622
287,47
223,291
135,407
405,39
317,155
470,397
76,766
789,150
197,9
659,40
77,587
817,104
235,880
677,969
999,754
88,345
583,287
236,179
731,158
400,58
611,241
368,520
779,54
786,767
390,767
844,220
99,66
728,8
91,885
78,128
933,413
542,528
449,300
60,259
725,878
161,18
634,467
102,606
817,588
531,231
751,234
296,364
609,824
925,535
264,789
606,526
795,950
688,70
536,201
38,190
492,131
240,553
171,719
358,545
60,622
393,768
761,669
687,491
544,671
967,774
953,610
120,609
758,142
986,6
187,555
151,861
584,191
352,622
57,445
241,791
528,30
717,720
161,502
205,316
330,725
643,956
223,333
985,427
176,29
434,553
967,787
593,317
782,970
596,322
955,669
383,443
369,279
484,266
797,497
602,258
631,959
827,605
543,846
108,625
259,269
873,428
434,795
16,807
277,811
392,569
268,762
494,516
315,56
53,56
85,762
186,585
960,208
901,567
882,288
512,691
154,983
653,172
792,745
663,631
810,277
960,450
915,973
640,768
285,540
266,298
830,340
362,760
425,291
246,814
874,117
461,473
581,575
995,528
397,875
851,291
422,114
253,830
187,476
250,303
846,68
111,373
529,132
133,132
938,825
143,325
449,368
729,651
260,846
226,481
988,538
880,187
589,240
608,253
272,304
937,428
759,836
568,73
363,836
75,140
90,677
7,679
874,264
703,611
100,89
289,513
803,734
341,151
712,323
20,739
247,903
853,447
2,806
645,683
235,519
707,743
187,744
685,203
695,625
445,221
92,857
615,632
228,637
880,563
734,445
461,286
614,565
72,474
722,98
988,217
936,27
354,345
832,872
650,343
779,982
149,815
402,766
620,171
360,769
14,132
749,995
647,984
867,987
908,988
755,517
658,813
812,233
674,528
967,521
361,482
413,120
662,595
734,700
858,241
462,12
711,716
791,416
920,72
195,836
518,523
759,649
150,541
134,533
538,357
276,128
768,590
513,300
609,947
263,539
628,960
207,149
704,955
994,236
425,493
640,381
945,199
439,778
445,34
467,961
233,794
116,209
737,327
948,776
175,560
557,625
403,158
105,501
881,722
3,224
85,751
580,730
93,117
225,273
413,738
532,689
77,523
797,849
401,620
772,792
441,692
274,286
61,407
217,920
186,587
43,767
932,111
890,905
205,802
711,408
124,877
581,564
242,869
676,572
435,180
104,117
976,46
618,338
318,46
259,405
901,811
472,405
389,865
231,427
754,468
465,365
357,768
931,811
906,458
87,126
6,201
354,655
701,470
650,653
270,139
705,67
118,499
952,173
544,607
409,419
548,497
83,663
537,604
325,425
60,679
256,325
94,263
346,255
649,27
444,790
478,374
841,197
870,898
754,723
408,86
967,952
254,787
653,792
108,440
542,143
626,551
65,218
846,554
230,322
448,629
93,172
538,559
785,436
196,795
199,46
451,267
809,500
79,395
404,680
836,108
736,924
436,632
319,986
739,562
472,218
637,514
771,514
251,744
442,46
578,873
879,47
259,339
257,414
324,175
810,334
139,129
251,47
616,468
514,686
963,512
849,410
646,347
40,537
642,871
893,453
838,517
810,684
997,281
224,65
363,409
258,881
681,984
779,58
752,635
61,717
626,122
656,230
261,374
338,823
443,122
444,724
815,667
460,705
166,487
424,782
501,477
476,420
613,654
368,69
98,208
860,531
318,248
455,482
270,436
971,254
332,267
125,728
188,259
229,785
655,139
691,321
295,92
57,678
511,619
356,745
964,601
760,313
672,200
405,85
574,271
385,106
922,725
430,788
17,390
858,969
663,730
699,158
654,681
373,402
648,866
935,142
250,39
463,561
771,448
485,845
122,2
754,215
175,804
543,971
1,651
813,566
923,963
97,884
867,802
420,756
74,348
876,743
361,526
540,528
761,123
664,685
750,230
793,48
481,190
380,818
543,287
83,302
509,639
271,767
868,757
940,862
444,658
580,61
277,252
461,598
466,713
9,474
215,313
256,85
154,303
186,255
268,324
304,18
469,314
276,185
345,544
37,428
78,200
568,64
189,152
480,72
209,252
742,715
90,789
40,968
695,374
893,655
175,375
69,851
721,548
554,142
528,89
717,779
472,86
670,330
138,735
618,140
989,312
723,607
695,508
784,28
646,323
147,639
452,228
266,223
696,36
519,403
400,977
351,38
210,816
824,221
619,755
259,449
402,757
302,819
856,210
121,744
277,991
220,228
170,636
729,334
789,385
356,237
521,570
80,598
509,452
924,465
500,632
206,185
549,524
444,242
567,578
515,122
606,277
69,301
123,537
541,296
618,745
90,360
814,162
722,573
39,314
226,406
368,755
891,530
216,886
496,940
599,358
962,181
683,766
975,874
615,73
11,309
580,237
566,302
731,635
722,586
336,779
854,476
224,309
802,57
891,772
146,655
705,124
302,377
990,751
257,900
169,787
502,438
658,951
652,877
129,836
955,649
554,76
220,725
7,846
850,74
348,92
465,677
261,847
280,897
624,670
799,149
452,41
61,156
76,693
202,280
606,895
399,565
479,36
736,860
936,662
284,736
261,981
368,555
258,683
280,442
191,629
39,235
474,163
639,496
66,863
928,104
606,90
184,855
349,168
945,687
847,152
353,812
801,679
870,284
405,221
537,340
57,935
633,48
437,173
657,405
65,530
288,804
26,538
667,571
825,928
784,338
546,695
346,112
943,102
240,359
749,236
476,343
473,597
434,346
374,66
544,248
626,58
129,649
794,810
696,238
257,834
916,241
976,292
855,231
59,297
611,544
65,785
388,472
711,896
436,139
57,493
664,942
616,901
292,252
177,36
727,180
416,318
424,142
591,319
835,945
178,675
630,247
759,132
692,896
689,598
613,953
860,830
694,797
45,388
301,314
972,253
449,737
204,152
103,743
571,848
549,42
956,137
346,622
929,677
836,449
860,843
150,158
628,456
259,330
934,913
10,528
932,49
538,684
221,977
128,520
558,333
288,509
714,92
48,2
520,980
243,177
229,279
88,340
299,523
629,923
664,392
996,865
302,942
198,821
696,51
30,190
361,475
110,75
11,69
799,822
709,111
977,865
359,752
937,234
965,747
867,175
839,342
335,314
677,51
24,129
884,758
75,885
369,837
991,66
154,360
369,19
781,229
475,711
452,956
378,778
245,663
959,6
565,604
647,414
308,948
454,773
858,597
278,22
51,797
11,203
827,466
362,137
205,190
210,497
943,533
590,674
170,88
102,856
251,427
643,951
719,266
751,484
602,361
354,30
882,149
703,672
926,192
581,194
58,153
130,258
773,364
423,739
593,662
413,731
946,965
913,788
870,152
446,90
902,895
179,271
387,449
524,454
535,320
545,742
121,680
685,264
812,39
632,108
819,200
259,277
815,229
16,226
86,470
471,806
242,983
226,221
98,938
855,917
566,814
244,763
701,221
81,247
824,520
345,293
933,692
607,936
913,225
622,49
948,448
296,293
526,984
366,766
135,833
890,214
110,22
522,232
814,340
102,548
748,925
202,900
942,646
317,594
688,241
806,233
393,589
200,423
264,852
825,367
352,672
670,429
501,657
191,431
609,190
260,36
113,777
569,791
729,780
467,780
318,657
846,547
920,496
245,852
551,895
69,855
292,146
252,976
314,393
883,550
833,729
392,727
973,480
918,544
899,265
807,676
559,611
797,897
350,208
369,221
976,899
508,794
773,311
62,973
915,889
915,660
87,737
739,663
790,628
241,157
516,96
292,388
797,789
219,812
597,206
406,638
509,93
328,984
627,314
935,201
632,163
331,989
637,278
689,145
176,563
919,378
19,350
392,861
643,443
441,982
613,271
527,2
86,525
177,643
292,630
736,341
670,926
491,695
972,510
796,513
861,642
548,182
776,571
679,867
911,207
288,753
241,412
464,161
328,300
496,113
28,533
126,839
449,297
692,698
497,230
576,523
892,988
271,826
71,472
483,187
611,601
36,370
514,934
692,711
337,483
791,424
309,421
133,424
83,603
724,599
321,660
137,839
266,724
370,781
510,303
852,3
110,332
798,706
550,604
316,437
624,553
472,132
152,450
642,543
581,304
737,322
20,910
161,620
758,610
338,24
719,618
435,859
540,158
572,605
451,86
965,307
872,79
964,836
946,967
851,141
710,138
305,89
208,156
209,795
671,331
845,218
188,857
389,618
755,675
70,572
958,280
861,576
355,741
80,536
327,642
263,105
139,69
121,924
80,657
237,991
199,470
312,118
107,652
748,685
962,348
136,306
497,285
309,463
483,350
139,311
216,6
381,73
18,21
25,411
622,172
654,124
213,647
698,167
469,307
366,71
954,995
374,191
827,173
446,710
771,241
518,586
468,994
344,433
467,769
219,667
269,784
975,946
634,653
381,207
50,602
191,312
897,474
571,718
426,71
202,326
215,790
397,538
796,18
765,439
214,336
833,839
681,482
288,258
577,95
721,783
834,660
237,441
961,243
943,832
709,665
882,327
92,733
665,329
207,683
931,485
38,618
514,318
458,157
16,980
597,437
944,23
247,95
637,509
408,686
967,384
81,291
199,283
295,745
116,285
858,104
753,576
412,512
716,694
609,568
282,173
254,340
116,635
37,113
919,730
979,515
406,882
924,579
271,694
865,386
669,474
937,225
782,351
749,174
977,38
164,194
380,987
350,815
264,546
275,412
863,582
232,715
579,5
875,821
303,595
539,579
527,488
419,662
59,127
32,667
405,885
550,714
760,295
932,550
747,999
585,708
203,377
997,652
639,944
969,819
114,39
143,740
950,311
917,134
391,24
635,650
341,203
821,776
554,203
742,668
51,225
371,203
143,753
438,378
677,660
231,48
709,841
107,507
695,677
275,91
736,974
445,273
255,149
736,156
605,905
204,332
999,795
552,749
794,548
340,866
692,500
496,625
17,856
848,784
58,628
581,669
387,803
602,728
308,281
454,335
495,107
508,46
711,405
837,221
713,680
231,411
333,166
26,652
540,644
672,800
171,518
656,38
391,521
778,930
555,400
458,467
62,467
667,806
851,398
87,2
515,183
740,301
96,236
225,875
509,405
104,585
530,693
540,886
758,291
9,469
279,64
565,542
33,947
89,24
683,948
796,825
653,776
680,879
661,371
424,135
522,478
319,378
112,314
548,615
86,32
784,599
424,256
608,602
809,363
20,617
143,916
613,838
921,954
602,420
514,78
32,977
310,921
192,148
785,662
802,602
30,988
244,459
505,500
92,38
259,215
226,38
552,925
817,213
612,747
100,801
221,44
708,391
594,814
921,391
573,58
539,218
752,740
348,650
177,997
590,412
304,55
78,8
800,114
207,243
588,874
388,291
549,653
875,823
785,112
933,764
628,128
652,522
110,202
779,297
247,702
849,770
222,608
678,659
92,535
405,766
707,313
173,379
728,601
693,351
202,33
625,890
936,523
173,500
990,759
401,364
333,839
837,786
600,321
930,950
350,375
627,949
700,902
772,778
382,448
401,498
638,145
225,501
48,50
227,52
242,855
727,604
322,326
726,150
597,265
390,689
524,918
887,741
271,509
546,448
877,669
910,617
744,813
772,94
72,420
616,520
319,233
436,818
145,117
130,748
735,333
360,944
244,998
48,305
543,513
960,572
253,710
922,51
46,646
725,934
503,67
869,390
981,631
728,414
549,708
375,821
34,528
521,875
884,698
180,582
815,827
424,942
73,190
429,239
761,712
668,521
571,588
582,188
531,408
911,400
522,588
820,16
415,196
458,14
143,797
705,537
130,77
456,210
208,899
101,278
185,915
680,894
716,551
722,73
770,787
464,717
674,261
519,158
971,669
301,551
105,676
534,264
938,613
131,813
486,223
21,389
995,100
986,546
475,330
111,282
391,336
425,334
105,918
70,631
908,747
226,390
804,101
402,57
863,452
99,56
608,162
783,688
781,90
614,916
755,855
74,413
421,457
197,483
400,519
532,180
745,702
499,3
560,922
343,924
706,747
114,835
404,116
372,578
133,67
627,575
596,178
224,535
234,765
127,373
476,527
168,145
484,122
300,301
723,404
448,199
857,892
115,255
128,194
661,428
260,84
456,962
913,649
880,243
354,133
610,584
925,659
307,546
293,382
301,243
540,30
517,541
947,125
473,205
538,600
496,603
711,262
500,200
223,336
159,846
376,780
973,770
295,562
195,624
314,575
928,209
723,780
38,906
379,970
258,680
812,34
423,747
887,851
370,103
755,668
399,804
859,267
133,806
35,234
380,912
397,852
317,334
985,204
99,111
389,624
230,42
829,630
485,39
946,397
60,304
798,270
104,576
183,640
962,341
438,866
341,933
413,284
55,310
798,391
772,338
810,630
534,695
558,759
549,710
781,50
500,939
838,934
244,195
881,752
168,321
11,603
71,654
897,588
126,216
795,311
253,28
362,429
40,149
335,969
756,999
104,844
112,668
126,337
51,163
560,306
959,311
50,729
344,910
347,427
407,966
915,884
323,743
753,556
841,440
445,211
558,88
697,432
34,88
736,94
66,565
840,188
933,150
511,915
220,214
122,874
527,105
516,212
824,328
145,979
83,101
313,563
695,628
184,678
679,620
375,623
351,37
810,551
502,169
214,934
503,808
331,287
231,349
520,977
565,225
848,25
84,861
812,102
430,37
137,458
407,53
921,274
749,985
861,637
514,795
596,864
943,154
103,177
287,752
253,875
946,573
793,102
827,100
75,990
923,562
368,983
745,704
355,226
79,62
552,16
23,426
74,886
503,245
935,693
308,6
731,634
70,888
259,824
694,486
336,778
320,16
94,427
440,835
572,237
882,951
733,828
626,473
65,140
249,486
376,298
565,722
666,774
821,419
614,355
707,546
383,422
198,376
860,761
656,473
110,677
521,19
266,961
420,610
712,718
185,972
97,859
242,954
994,589
811,616
900,136
929,608
619,567
602,600
845,92
146,91
211,220
348,454
810,485
774,562
461,102
677,895
61,626
492,849
896,444
257,457
209,682
988,383
112,978
585,380
614,852
94,816
653,514
529,219
837,106
955,327
556,618
781,965
173,62
832,930
940,729
453,345
976,157
466,809
634,393
156,997
379,288
494,992
764,624
972,802
39,597
395,3
91,235
77,71
27,250
522,458
594,297
547,222
699,764
762,2
323,369
358,592
308,1000
977,341
435,546
961,104
222,667
502,721
441,482
986,282
334,127
407,605
704,303
833,942
943,585
846,652
660,4
271,192
689,705
928,721
710,993
397,533
85,446
544,960
647,829
108,780
605,832
283,552
440,206
568,657
482,617
908,496
594,794
470,270
855,606
373,566
681,719
502,976
997,955
719,681
39,168
75,616
699,443
184,788
449,39
156,689
491,679
903,623
273,227
591,802
401,678
273,348
699,456
284,214
15,992
566,48
686,638
823,384
107,702
10,998
458,636
272,217
218,654
454,638
44,474
384,579
857,991
829,929
317,525
256,249
589,166
326,466
826,752
19,952
206,778
415,134
755,993
340,485
651,118
484,355
773,229
167,190
29,714
387,193
860,642
788,473
251,534
856,119
768,6
976,938
310,848
530,888
411,671
284,832
45,321
394,209
182,555
655,250
930,943
305,891
883,602
57,560
547,653
805,948
472,250
188,491
210,738
816,962
319,681
84,555
426,255
972,428
31,399
939,22
704,384
43,867
891,210
187,94
250,150
114,518
408,736
485,956
750,207
415,631
363,441
542,443
743,433
832,919
549,338
506,870
910,731
539,266
692,508
967,447
857,575
757,344
613,336
67,806
332,57
20,236
437,753
284,282
327,881
147,950
818,337
773,860
76,373
411,363
423,188
54,62
224,244
672,111
868,989
233,478
673,484
459,232
562,882
464,347
288,350
21,6
862,356
480,62
259,63
90,779
809,466
263,707
780,179
972,120
977,235
232,81
667,9
622,761
919,230
938,243
303,900
900,890
903,370
476,828
727,410
930,998
104,956
777,941
20,733
298,906
796,136
70,32
639,418
708,23
990,941
966,318
52,621
606,12
487,320
836,208
252,157
646,84
155,261
857,496
881,890
659,23
811,794
262,323
239,339
118,49
480,667
999,737
944,249
373,460
664,609
462,919
140,868
126,933
946,443
276,914
771,856
838,617
218,643
74,635
605,271
649,48
494,928
249,114
226,396
330,453
271,812
949,461
835,625
21,637
136,587
810,797
268,477
376,47
119,125
968,861
654,405
237,238
46,707
751,230
239,18
920,416
887,239
937,585
116,887
310,837
593,408
739,233
111,664
378,190
322,66
910,236
227,960
734,239
981,116
293,496
980,416
611,24
877,180
112,498
935,242
92,785
307,673
475,257
850,319
277,686
